{
    "tempo": 107.666015625,
    "estimated_key_root": "C",
    "duration": 11.165079365079364,
    "beat_frames_count": 15,
    "chroma_mean": [
        0.48688673973083496,
        0.09815344214439392,
        0.47476011514663696,
        0.09431049972772598,
        0.34641262888908386,
        0.45676249265670776,
        0.1650046855211258,
        0.43944957852363586,
        0.09130720794200897,
        0.4091954529285431,
        0.15666097402572632,
        0.2771020829677582
    ],
    "tonnetz_mean": [
        0.26582181036079205,
        0.25172955169078715,
        -0.03972384011520083,
        0.029277241734589652,
        -0.035731206590414885,
        -0.004721224885491977
    ]
}